antecedents,consequents,antecedent support,consequent support,support,confidence,lift,representativity,leverage,conviction,zhangs_metric,jaccard,certainty,kulczynski
"frozenset({'High_Fun', 'High_Attractive'})",frozenset({'Match'}),0.3377894485557412,0.16471711625686322,0.10205299594175221,0.3021201413427562,1.834175756644646,1.0,0.046413292073654466,1.1968863599964947,0.6867845533082888,0.2548435171385991,0.16449879167899564,0.4608426793670303
frozenset({'High_Attractive'}),"frozenset({'Match', 'High_Fun'})",0.4470040582477918,0.13046073048460252,0.10205299594175221,0.22830440587449935,1.7499856472246622,1.0,0.043736519973163475,1.126790506690368,0.7749907540994369,0.21466231483806178,0.11252358440858691,0.5052775460296559
frozenset({'High_Attractive'}),frozenset({'Match'}),0.4470040582477918,0.16471711625686322,0.11900214848412509,0.2662216288384513,1.6162353669627136,1.0,0.04537292905443391,1.1383312953486344,0.6894774545956021,0.24152131782945738,0.12152112123585952,0.4943426984771967
frozenset({'High_Fun'}),"frozenset({'Match', 'High_Attractive'})",0.5324659823346861,0.11900214848412509,0.10205299594175221,0.19166106254203094,1.6105680862358427,1.0,0.038688400049214366,1.0898866931814526,0.8108523798646475,0.18574842494025637,0.08247342934251933,0.5246168903482472
frozenset({'High_Fun'}),frozenset({'Match'}),0.5324659823346861,0.16471711625686322,0.13046073048460252,0.24501232907419856,1.4874734007127792,1.0,0.042754469369555154,1.1063530119887568,0.7009523551479101,0.23020219039595613,0.09612936453038519,0.5185206572907224
